rms,kurtosis,crest_factor,env_amp_bpfo,env_amp_bpfi,env_amp_bsf,baseline_noise,label
0.07408178260912789,-0.13040061392983615,3.6833471531947435,5.355401666937235e-05,7.525607070761585e-05,0.00012233365063346865,5.643616185150358e-05,Normal
0.07379132071238467,-0.11772615436604861,3.6978457688876474,6.987096818702631e-05,6.442751309232305e-05,0.00016894002664384072,5.4302966237609356e-05,Normal
0.07386704735701471,-0.13173698197338135,3.3749201238610294,0.00011790300638905098,0.00010839036924654989,0.00015987367354173288,5.674316250939444e-05,Normal
0.07292977398015892,-0.17647560561041864,3.4182936681417284,9.102016907593453e-05,8.814016528066878e-05,0.0001456364863937451,5.584121460497288e-05,Normal
0.07272719858092241,-0.18763575551665346,3.4278150331611843,9.614610368229121e-05,0.00011781308990407726,0.00013221826292939663,5.730723387827574e-05,Normal
0.07276237214851185,-0.19801446595842487,3.426158016214199,0.00010469728665221079,0.0001211276199765568,0.00011984231733030947,5.584559003958709e-05,Normal
0.072872780719703,-0.20328510667957111,3.4066534203927583,0.00012293915940337767,0.00011099944972892097,0.00013511523683579953,5.536963550473077e-05,Normal
0.07255032025448252,-0.23872776809343588,3.4217947876938477,0.0001461809599255568,0.00011263697471519046,0.00012717022962990482,5.7778016627104785e-05,Normal
0.07294338652075272,-0.2310567544926525,3.4033559385356864,0.00016388942158017216,9.716986000334758e-05,0.00011804729301365084,5.7280148649873715e-05,Normal
0.0730767558460059,-0.24409739744045877,3.3971446162093994,0.0001667855023351207,0.00010292577023463566,0.00014798272819851815,5.842550490603301e-05,Normal
0.07333700625986242,-0.26899751186204846,3.3850891978416766,0.00015343303259929755,0.00012964056798658201,0.00018371236636869687,5.781904388702987e-05,Normal
0.0735033097988573,-0.2885160288337154,3.377430327581889,0.00012634624256466234,0.00010628874752894858,0.00012835045894715586,5.810856443213956e-05,Normal
0.07354701677960791,-0.28901800914667053,3.375423213102229,0.00014321800569200304,7.497377566019305e-05,0.00014166025063304911,5.577883643578435e-05,Normal
0.07379181314945268,-0.3017835228412604,3.364225611173358,0.00011706066899959221,8.450780535934017e-05,0.0001459084965102807,5.270887617192792e-05,Normal
0.07410789944441501,-0.2974184389003458,3.3498764578870643,0.00011891732021097488,0.00010875371336464984,0.00015204156893811117,5.426684779855626e-05,Normal
0.07398561808805625,-0.2510968392437145,3.8742332073294032,0.00012230099719635762,9.192156328167605e-05,0.00012930779100321226,5.3588236083241405e-05,Normal
0.07339292447092491,-0.253129714643046,3.9055200556164213,0.00011684102529820994,9.581816212574188e-05,0.0001356202409296418,5.570221327876039e-05,Normal
0.07379530729649701,-0.2565204278031281,3.88422447121031,0.00010611197988296123,8.905742351261639e-05,0.00013374478721577964,5.4976000410251236e-05,Normal
0.07347283160665982,-0.2842686994986927,3.9012725138465556,7.36257572915791e-05,9.307047692514433e-05,0.00010768100789621894,5.635461121531337e-05,Normal
0.07319830885705798,-0.27949309154753266,3.9159038362660215,0.000134792538907015,8.234643831329747e-05,0.0001114891620715479,5.258602069543191e-05,Normal
0.07319341399928883,-0.2704051256693858,3.916165714914234,0.0001429737077433163,8.754960017438243e-05,8.735990944911576e-05,5.1109190182900286e-05,Normal
0.07300605776957798,-0.24328454076147565,3.9262158130250646,0.00014559808830055102,7.022349986604844e-05,0.00010366816839040233,5.2410658456492694e-05,Normal
0.07307734858297237,-0.2521202411338588,3.922385582121782,8.709990392369615e-05,0.00011799462827143429,8.513719783336695e-05,5.249939603892122e-05,Normal
0.07264863088749116,-0.2361206816122552,3.945532558011255,0.00011830754708629604,0.00012053825681682592,5.683986109897842e-05,5.2917892995648945e-05,Normal
0.07248463439890623,-0.23475310410660377,3.9544593256010643,0.00014222031976506567,0.00013195354193525267,6.49547852475923e-05,5.408775924548814e-05,Normal
0.07254804290725295,-0.26619411071078103,3.482288710285442,0.00011373138212199004,0.00010710532442131282,7.071209309210557e-05,5.266163595295407e-05,Normal
0.07316166928779613,-0.25388987841774613,3.4530818286204923,0.00015059821008131213,0.0001439985708211748,6.343749616856508e-05,5.4360913868027755e-05,Normal
0.07261146509486446,-0.21997831098970977,3.4792471194345667,0.00011334613041388785,0.00013063724348895563,7.43260995968731e-05,5.1914399806470595e-05,Normal
0.07266048974581431,-0.19479992093067588,3.476899641786188,0.000129011141509794,0.00014259036157968248,9.475813645592247e-05,5.187913816754916e-05,Normal
0.07337581758636301,-0.17035971739292632,3.4572195041470137,0.0001021371940809152,0.00013681939450697564,7.429331638358365e-05,5.3937570581540656e-05,Normal
0.0733229099538678,-0.1703184214516278,3.459714130984598,0.00015725132783065842,0.0001783121233566499,7.762660385219477e-05,5.642689882132381e-05,Normal
0.0737888650638055,-0.18984190698864944,3.4378670477307494,0.00013744343243021672,0.00017828369405640317,0.00011252469512274575,5.622899144832216e-05,Normal
0.0738199403034981,-0.15418313076000434,4.2163967156636195,0.0001625962954770072,0.00015010877854111437,0.00011835476608666513,5.485773656460412e-05,Normal
0.07404531843548486,-0.13388626236578594,4.203562904754706,0.00011030316654724391,0.00014445525744354642,8.560695785785013e-05,5.449291437463763e-05,Normal
0.07368725254927246,-0.11156616830451282,4.223989130793383,0.0001336157946333486,0.00016089438403596028,9.606839786156854e-05,5.393746252504387e-05,Normal
0.07379592018595303,-0.1172687384500617,4.217769126827701,0.00016233478563218638,0.00014944568007341238,0.00010632866517836419,5.5464240928772514e-05,Normal
0.07338166698545175,-0.12366784553284838,4.241579220432011,0.00015400738062851414,0.00011690736252368112,0.00014651172882464614,5.5021033936053675e-05,Normal
0.07350425599766662,-0.15238368769296073,4.234505194584033,0.0001277862475461526,0.00010361451899153901,0.0001021990549065312,5.6188240892479776e-05,Normal
0.07365724641446765,-0.14807381293334254,4.22570987917107,0.00011660847918141423,8.37331229614701e-05,8.455147202092419e-05,5.692267161108693e-05,Normal
0.07304969351233422,-0.1550729781755118,4.26085502731917,0.00010281081485902764,8.644984506330452e-05,0.00010461634130776119,5.650460166396476e-05,Normal
0.07317041700802927,-0.12351659374270652,4.253825064465585,8.417489318420834e-05,7.247690727185874e-05,0.0001083327907899557,5.484878094124602e-05,Normal
0.07272558017438255,-0.08540505112167684,4.279844218496762,8.920331036191544e-05,9.23476244758813e-05,0.00012639564574495104,5.3210815338300754e-05,Normal
0.07259408338411952,-0.12205990877343487,3.7387153709001573,0.00010527245900185598,9.562974017111236e-05,0.00011370949483854666,5.3292449185105646e-05,Normal
0.07239634717414503,-0.13559248155699555,3.7489269276495176,0.00010445380426864575,8.356027071226354e-05,0.00014799787052831645,5.450714117092154e-05,Normal
0.07238238263523332,-0.14698333449896728,3.7496501980649466,9.329937861122245e-05,7.535564347971618e-05,0.00016166412011895447,5.445300292526359e-05,Normal
0.07233925816884915,-0.1518031097472261,3.7518855218436538,0.0001349542909244277,8.467320878473982e-05,0.0001432206344981886,5.549052892476969e-05,Normal
0.0724902204078358,-0.1430201594936662,3.744072150114163,0.00015295163089775,9.725326554039229e-05,0.00014875665440886897,5.7725470212039255e-05,Normal
0.07275552279356932,-0.12178481000380303,3.7304194233431374,0.00013034788974964324,0.00010117177842661655,0.00014845726980725448,5.495593166221071e-05,Normal
0.07222909948971598,-0.15580459756228437,3.6622955230110654,0.0001394926202154435,9.055376617365361e-05,0.0001348705302377371,5.708988263669227e-05,Normal
0.07266492664556733,-0.13338637110782825,3.640329934998208,0.00013740401251955686,6.485233203727792e-05,0.00011589531073514097,5.4565014726951514e-05,Normal
0.07255500099798862,-0.17402124840625488,3.6458452767389646,0.00014837016307692812,6.127575409977099e-05,0.00011217936771165027,5.450441981488299e-05,Normal
0.07251940486225379,-0.20865289809209875,3.267912600402878,0.00017987708950189656,5.6291236552103074e-05,0.00010130130610242486,5.3243275382681094e-05,Normal
0.07243792842190669,-0.19209474538272708,3.2715882699291448,0.00014723878226933162,5.394658792929438e-05,8.961740497424223e-05,5.352009077214064e-05,Normal
0.07235456787470596,-0.20806450362892592,3.2753575051883344,0.00015747619302180257,8.978840483213394e-05,8.551616397818905e-05,5.315511700146953e-05,Normal
0.07269010666173226,-0.18771773074825893,3.2602383984097094,0.00016675298830951216,9.870534429171951e-05,0.00015042538587960958,5.2205412448698614e-05,Normal
0.07234100714261553,-0.2050122451255647,3.275971489529756,0.00014560632148660947,0.00010769037648544579,0.00014436258265467495,5.314956065138223e-05,Normal
0.07222166709508365,-0.1911560360258946,3.4084806367327833,0.00011336144211659812,9.729280303708857e-05,0.00010219264076479553,5.244030635351898e-05,Normal
0.0718096439339558,-0.16728041959849493,3.428037521987379,0.0001225907216074465,9.363239255890822e-05,0.00011144665869435525,5.341031494912514e-05,Normal
0.07222925700157765,-0.18274560859683886,3.408122470936909,0.00010893150186727586,0.00010446673274487805,0.00013610896508542812,5.4614263120885976e-05,Normal
0.07169680890495218,-0.22990879202921555,3.433432500078129,0.0001434561628838327,0.00012615890274743748,0.00011348671681461303,5.475409188941769e-05,Normal
0.07151216977567454,-0.23504244920089779,3.4422973686625475,0.00017521975315940185,9.505913340042414e-05,0.0001122779140150339,5.430075559332782e-05,Normal
0.07172514177706069,-0.22904619875022458,3.432076225255832,0.00014612889391052818,0.00010190263466414714,0.0001391745219069309,5.455573675983359e-05,Normal
0.07199653348580104,-0.2715937838346236,3.4191389769439673,0.0001434420285899245,0.00011240285748108193,0.0001387501893127592,5.509590476409806e-05,Normal
0.07208468167153893,-0.2633977133561318,3.41495790975168,0.00011442494722854327,8.761536799049659e-05,0.00011406304987685199,5.45125540054742e-05,Normal
0.07226119644371723,-0.2996582059250401,3.406616081120213,0.00011896685358864441,9.248640015954333e-05,9.98171702915712e-05,5.660358507357336e-05,Normal
0.07251642167709708,-0.3076991221410257,3.3946263226043967,0.0001697819031720392,0.00011032615714790514,0.00011805046431489255,5.548055352713918e-05,Normal
0.07278720280722674,-0.33983521941732375,3.5023739087098047,0.00020159403138688212,0.00010360915439116212,0.00011002447715903241,5.364746772389952e-05,Normal
0.0730348200900041,-0.3900189333320041,3.4904994588312905,0.000168776297235567,0.00012849493593368902,0.0001427664230625511,5.3324754078767365e-05,Normal
0.07310416029416895,-0.38303223561839816,3.4871886767343656,0.00015847367326402573,0.00010458998173237394,0.0001359725354824105,5.5127624058741365e-05,Normal
0.07370981770394548,-0.3544708166338775,3.56608377015854,0.00016288691172518978,0.00010322762340388164,0.00013564632079434672,5.491831699639888e-05,Normal
0.07420304568538647,-0.3591870152078469,3.5423799951536394,0.0001234171414847592,6.979765557354864e-05,0.00011991560970414853,5.280665246259549e-05,Normal
0.07411333695062339,-0.3521716896483982,3.546667785185641,0.00012129658829035972,8.678748503621507e-05,0.00014345789073232245,5.572498510879208e-05,Normal
0.07407403781353837,-0.36036846842942616,3.5485494293837863,0.00013665609888970572,6.33031074832269e-05,0.00012283265607023337,5.376620821835443e-05,Normal
0.07426297758111608,-0.33477838555806017,3.556376077630305,0.00014107266994650705,8.86994125161142e-05,0.00012281755117271172,5.4893956102046355e-05,Normal
0.07372960025984024,-0.33468009071740523,3.5821037411338486,0.00014041265524876212,0.00010678872665400538,0.00010261255938708411,5.8156111598398684e-05,Normal
0.07345311207236851,-0.3200277898952204,3.595587300138755,0.00013125090117940903,0.00010577677509071313,0.00010918830570899455,5.3778673728578005e-05,Normal
0.07338027543511472,-0.312933041358912,3.5991562495102536,0.00011935716803449794,0.00010294301928573866,0.00013098315504371023,5.353645594100714e-05,Normal
0.07297826525984813,-0.29591288412506866,3.618982665355103,0.0001390327483906219,0.00011088730817216336,9.890899550391565e-05,5.438202310080535e-05,Normal
0.0726262798777347,-0.29339672512551296,3.63652217031765,0.00015585020083609802,0.0001231254463999396,0.00012242724868375868,5.597960556779895e-05,Normal
0.07194941788652694,-0.3231806271546436,3.670732643585889,0.00017516938445094065,0.00010994209858193119,0.00010829717379442863,5.3019850095619564e-05,Normal
0.07126140512660105,-0.31548709763591365,3.7061727375971825,0.00010581422276209783,0.00010824736484482968,0.00010509974030882536,5.280929443435639e-05,Normal
0.0710835623989282,-0.3389763068733429,3.7154451466695075,0.00011849769816275869,9.658135566317381e-05,9.79322489407894e-05,5.1505602814696024e-05,Normal
0.0710440103504393,-0.31289340163591994,3.717513631625158,7.607306022344173e-05,0.00012167782706275561,8.680430139173502e-05,5.0532074848661736e-05,Normal
0.07075336795417507,-0.33164819391199574,3.3583266768419864,7.097721400076174e-05,0.0001313436348584325,9.84583983695436e-05,5.2019019838711204e-05,Normal
0.07087801913994202,-0.3179031769890188,3.3524204818390673,8.515491980855257e-05,0.0001672958894475202,0.00011019160430505415,4.791755086315737e-05,Normal
0.07083987956386209,-0.30380876395400414,3.3542253959186255,7.771852338692727e-05,0.00019231578061352746,0.00012744991623856982,4.945944225215639e-05,Normal
0.07095713290649945,-0.26208385182192906,3.504503751429916,0.00012481307368524666,0.00021425600001962302,0.00011038978272004838,5.121836856715485e-05,Normal
0.07138028720939564,-0.25020564819028257,3.483728465984746,0.00012527239311837317,0.00016943953231256343,0.0001304416535820604,5.134446128012169e-05,Normal
0.07133807551030408,-0.21263597240796983,3.4857898349895997,0.00010652680972133464,0.00014836236878109472,0.00010179830965884599,5.075692703261439e-05,Normal
0.07195399011471659,-0.2061742647226974,3.4559520335853984,0.00010153452517609531,0.00012056586501278453,0.00012443797568149353,4.9584009359796085e-05,Normal
0.07248653701791728,-0.17460032463654285,3.430561711067424,8.467813268538962e-05,0.00011816593660521418,0.00011047522928957656,5.249839237618064e-05,Normal
0.0727809197461926,-0.17441937722076117,3.4166858474545063,9.36197714350468e-05,0.0001203869155341682,0.00015752200703687277,4.9637993736872174e-05,Normal
0.07223364485175235,-0.1566524409075183,3.442572210939815,0.0001442702116342332,0.00012776632551975535,0.0001392055835362051,4.8688225843098954e-05,Normal
0.07235340508949521,-0.12300452169290832,3.4368740234679307,0.00012108816586432098,0.00011368769498042714,0.0001101080651797803,5.1055163743658936e-05,Normal
0.07263118189819319,-0.13230343356645413,3.423729753015688,0.00014687111869381917,0.00011435652680318829,0.00010776923663182075,5.2703804582617355e-05,Normal
0.07306171809377403,-0.14101877133712293,3.4035544872127623,0.0001244403366334171,0.00011691043763419392,9.838081140637067e-05,5.1072522044899315e-05,Normal
0.07338858567197767,-0.1750981034153143,3.297431663766861,0.00011164893745601922,0.00010964251358131176,0.00015152192082096175,4.872018228051926e-05,Normal
0.07344963798763768,-0.21483890813262452,3.2946907947262614,8.636879923417493e-05,9.70532953489105e-05,0.0001214198741648065,5.0424065662050155e-05,Normal
0.07363704287852274,-0.2503974849986035,3.2863058685430593,7.083039952106739e-05,9.148520128890588e-05,9.68215869109833e-05,5.108867777868526e-05,Normal
0.07360287839743496,-0.2694229441874927,3.2226415253341303,0.00010328711593794631,6.936212140527902e-05,0.00010618344062617015,4.9754321554489604e-05,Normal
0.07330325680687376,-0.28616886831720567,3.355342575153832,7.600725926666117e-05,8.880982763775395e-05,0.00011295755365243383,4.893242405540587e-05,Normal
0.07331140822028052,-0.29790220208385865,3.354969498369258,7.277400488352087e-05,9.310442014581456e-05,0.00015326954580741038,5.0573956167477584e-05,Normal
0.07413335456985017,-0.331882528768356,3.3177716007683364,4.675415429052546e-05,0.00012209007374661723,0.00013234103295254508,5.235599453685846e-05,Normal
0.07432639437388762,-0.39963820854254584,3.309154715945004,6.900009578954199e-05,8.959177573355102e-05,0.00011733499184484356,5.037763652783453e-05,Normal
0.07436716003385989,-0.4048639972498056,3.3073407448872896,9.151623874732789e-05,8.603027357027412e-05,8.32971221145016e-05,4.8762251991867455e-05,Normal
0.07456446621316072,-0.4167084839317079,3.298589139743974,6.025807620238412e-05,9.123811325164928e-05,6.573517765683645e-05,5.0391107936450656e-05,Normal
0.07390225356712375,-0.4097411423118693,3.3930723381789236,9.270325145491511e-05,0.00010027361993181777,7.877569153889011e-05,5.159405214355876e-05,Normal
0.07399001414956083,-0.3975669699683224,3.3890477679977664,7.541749310747037e-05,7.812568902872557e-05,6.633687151978704e-05,5.2819909746672936e-05,Normal
0.07463565051379739,-0.38365969206786765,3.4324038250371256,8.602539710820198e-05,6.151063878903123e-05,7.483018691782803e-05,5.1591122265789826e-05,Normal
0.07464194192116998,-0.36996527237887156,3.4321145151642214,6.190704914779887e-05,5.658269273005039e-05,6.092894654713455e-05,5.319154629888182e-05,Normal
0.07503199020403443,-0.40205358348030096,3.414272920271247,6.429764651730929e-05,9.678765372670029e-05,5.499159061734608e-05,5.1870439416401726e-05,Normal
0.07554446685983218,-0.3731832641370949,3.5126168766684804,9.154970950152742e-05,0.00010100567742968425,6.615092670594069e-05,5.412632339806912e-05,Normal
0.07531280707216305,-0.35612310424409666,3.5234215739231227,6.551533720695145e-05,9.552149916267786e-05,7.716409769780767e-05,5.042457780129489e-05,Normal
0.07551969750109472,-0.33902229547345897,3.513768963745156,6.281047065136105e-05,9.081781986354388e-05,0.00010367692190018033,5.0608913017388466e-05,Normal
0.07573872899918274,-0.33624661850928383,3.503607371515735,6.238703488358898e-05,7.295417867710491e-05,0.00010568534692040252,5.1134463116426964e-05,Normal
0.07588715071208108,-0.3427045039087866,3.496754941262074,8.268130719176656e-05,7.075612258449416e-05,0.00012848936354317166,4.9308990019382314e-05,Normal
0.07646553325899726,-0.34326160067503153,3.470305612490396,7.5631389459019e-05,0.00010323985304177068,0.00015141456457777762,4.9206907947775675e-05,Normal
0.07667736156256955,-0.3560551311497351,3.460718572250737,8.131101129500978e-05,0.00012938395422246976,0.00011940565982278636,5.130289226967059e-05,Normal
0.07617980697864167,-0.3450374463535484,3.483321627543204,7.665737930578126e-05,0.000150140826898389,0.00013416301149621554,5.2539350528632826e-05,Normal
0.07621617332164438,-0.34374294207108713,3.4816595699565367,7.887649908951717e-05,0.00013677571885382602,0.00012289331091230575,4.984583347314717e-05,Normal
0.07602738784616685,-0.3080027994926393,3.4903049644122173,0.00011349634261128361,0.00010631806001674608,0.00010153900617816226,5.3714432984273e-05,Normal
0.07536395289660158,-0.3338746441350757,3.260828468141627,0.00010595230100199293,0.00013511974957505272,8.989355185118048e-05,5.2496164711433396e-05,Normal
0.07565760804975258,-0.3048827707649604,3.2481719870831514,0.00015822115979857016,0.00013481159056405735,7.707596326433988e-05,5.3180759517257697e-05,Normal
0.07541962762196981,-0.2800784085546666,3.258421326457679,0.00015081057636021772,0.000127349285312898,5.311424442936446e-05,5.160782425085213e-05,Normal
0.0750404393050293,-0.2459419983868285,3.274886519227143,0.00016460654152797007,0.00011652191062882531,6.44268771200232e-05,5.0378697409371767e-05,Normal
0.07493929339367175,-0.2013889968980509,3.2793066487290274,0.00014929253733541467,0.00010306945348734166,7.67749158550593e-05,5.35912103750543e-05,Normal
0.07493589500929523,-0.18138697494321265,3.449274363192696,0.00013384027092189782,8.843660109766594e-05,7.404765603681461e-05,5.353004551547413e-05,Normal
0.0744635890997123,-0.14086335320750143,3.4711523398683477,0.00012969864937098342,7.265163063291205e-05,7.995708901159431e-05,5.272564440195531e-05,Normal
0.07480805164736919,-0.11888955525160183,3.4551690071659746,0.00011489734039007036,8.507830003260647e-05,7.14029379180454e-05,5.185230150351525e-05,Normal
0.07493989646738694,-0.11265494892367567,3.4490901872402095,0.00014864582769007174,9.974591948887899e-05,7.912707145579879e-05,5.119412638860394e-05,Normal
0.07495519372346413,-0.1405858943147722,3.448386278502115,0.0001172634586034842,8.500752569886905e-05,7.187233994231265e-05,5.078791303618624e-05,Normal
0.07502490581512217,-0.13262045331587524,3.445182086271449,0.00012668476895460844,8.412908554304635e-05,7.500213310710142e-05,4.8676843044462554e-05,Normal
0.07505520861007338,-0.1371033430848012,3.443791128225189,0.00011379050304965073,8.185628275433065e-05,8.361857829788447e-05,4.887286974052245e-05,Normal
0.07494612754169648,-0.14389438876042515,3.4488034274307044,0.00011007324072253109,8.986358152966869e-05,5.045382751410598e-05,5.087049912482928e-05,Normal
0.07532349266040435,-0.16703780621598074,3.4315251777263245,8.868256256470981e-05,0.00010450905493676382,7.72767748870028e-05,5.18962749790288e-05,Normal
0.07505573109681528,-0.20267260792972852,3.4437671549032314,7.661862763682206e-05,8.589119409733188e-05,0.00012538695249763907,5.191068009476519e-05,Normal
0.07468610141829635,-0.16809354038246527,3.474776879945199,0.0001109454381040133,8.242556947670148e-05,0.00013592145654666655,5.129052320584653e-05,Normal
0.07498327491976567,-0.1717851300968367,3.461005654117267,0.00011286055797155438,0.00010096886381863103,0.00010517494637476429,4.961786670055122e-05,Normal
0.07453055477125635,-0.2248307443435733,3.4820288035964637,9.752232766206686e-05,9.988464701370368e-05,0.00010896760142624616,4.8470507894397765e-05,Normal
0.07417771289517495,-0.19893664499152797,3.498591805173051,7.019886134608783e-05,7.114532971271678e-05,0.00012022774937445463,5.174652208283421e-05,Normal
0.07435476543128615,-0.18698695365659557,3.4902610068936033,8.126592157217062e-05,6.24482133149212e-05,0.00012943099101118656,5.109695659102723e-05,Normal
0.07387247875638525,-0.17943246925935608,3.513047657671928,8.664510736464758e-05,5.614465866049705e-05,0.0001227139449097522,5.100972898303387e-05,Normal
0.07363241690663122,-0.1808636669751884,3.524501155389437,8.787595942500602e-05,6.859293818852917e-05,0.00015107342496088985,5.130097871263234e-05,Normal
0.07361614184976925,-0.1893856072262956,3.525280352115491,8.286784088914589e-05,8.391625946047806e-05,0.0001069729363007906,5.294034135191772e-05,Normal
0.0734495613303241,-0.14099249797373758,3.720732280715828,7.548034593318284e-05,0.00010273726822832782,9.786703745833278e-05,5.1730650009043946e-05,Normal
0.07359107429094403,-0.14111797673591964,3.7135774477990453,6.157725580472385e-05,9.641535054603341e-05,0.00014928373550607857,5.2154725911742794e-05,Normal
0.07412770343352423,-0.19529064163968757,3.686693923969055,7.142649346276326e-05,0.00011266247043666694,0.00014415785286342892,4.9925006714388764e-05,Normal
0.07389275760348304,-0.20531579582392734,3.698415957253057,6.654310492090502e-05,8.568399853695885e-05,0.0001241510511650233,5.1853476720724575e-05,Normal
0.07444098333436285,-0.15464298560950063,3.6711787191021923,6.084256367933368e-05,0.00011217185021090898,7.888330872448606e-05,5.4049959307465235e-05,Normal
0.07444965081146943,-0.1847995798041393,3.6707513180713596,6.055856396226166e-05,0.00010786434331538884,7.279711062323917e-05,4.99590708873636e-05,Normal
0.07436039597080245,-0.17907530556757667,3.675157323711125,8.272458831273584e-05,8.727956029236584e-05,9.39999350273434e-05,5.075319275066343e-05,Normal
0.07497719412478034,-0.1767666948176898,3.6449237269580808,9.345896473855903e-05,6.526237318801536e-05,6.144196909091416e-05,4.904004445560019e-05,Normal
0.07481949320392649,-0.21297666336388943,3.652606321474147,0.00012537964878092791,6.670648232066036e-05,6.702613244603909e-05,4.831906437734508e-05,Normal
0.07492145473040826,-0.21003488386524705,3.647635444740445,0.000117075220333963,4.995166804986865e-05,4.862403693594812e-05,5.103195334268211e-05,Normal
0.07493231158432911,-0.25964831123131304,3.4494393149419045,0.00013285342399530888,5.037827284477957e-05,4.937251485772924e-05,4.940714582953128e-05,Normal
0.07488615611232637,-0.2524266798076904,3.4515653487509725,9.737236333026384e-05,5.385338181794613e-05,6.836827605290306e-05,4.738865314089205e-05,Normal
0.07489431085515154,-0.2578159966227087,3.4511895307823988,0.00011557125888874874,5.635645353009158e-05,0.00010537819618422654,4.7108902919974916e-05,Normal
0.07535759011798072,-0.28744437326716277,3.4299724969149215,0.00011556346757239887,6.698059209933664e-05,8.754916086503483e-05,4.467239863612009e-05,Normal
0.0752717762696721,-0.31519483595269904,3.417253876263411,0.00012416709969702695,0.00010127806875088106,7.97421398184257e-05,4.68413315637451e-05,Normal
0.07547606940410644,-0.32023804155259006,3.408004302046689,0.00013581500702339585,7.769290250933247e-05,0.0001037767671440387,4.7788427290482426e-05,Normal
0.07549801082782506,-0.32297276668382224,3.4401721449120726,9.96940334214157e-05,8.682225056883214e-05,8.057845028758222e-05,4.8816969195344675e-05,Normal
0.07553440965896334,-0.3399439929554653,3.438514380648678,0.00012598843653361267,8.502656696916633e-05,9.4127844737691e-05,4.803299673975019e-05,Normal
0.07608184974878804,-0.3042258921995944,3.4137728604619157,8.99875058387232e-05,9.33246137013185e-05,8.545800881276613e-05,4.911292562763366e-05,Normal
0.07628437322057792,-0.3138851299376393,3.404709809899729,8.636139863849577e-05,8.278817489846029e-05,0.00010131666432968208,4.822368092553475e-05,Normal
0.07655001510369389,-0.32261276130126904,3.392894873950467,7.133043038509968e-05,9.14200275316259e-05,8.70206186764622e-05,4.946519107324606e-05,Normal
0.07672772253248873,-0.3372120213183827,3.385036663067619,9.613035173637434e-05,0.00011179853852935122,8.687047894928457e-05,5.00841027232025e-05,Normal
0.07630222586757861,-0.3220559448812996,3.4039132003423433,8.827272450691731e-05,0.00011720669689095067,0.00010313104672427054,5.170682157135583e-05,Normal
0.0760534643947702,-0.30631767198402127,3.4150469792933436,7.917355747991115e-05,6.84092349098473e-05,9.124278077238496e-05,4.935870907620388e-05,Normal
0.07555285308216866,-0.2954860894773881,3.437674995061863,5.4113440339462865e-05,8.069498056596714e-05,8.747337557740282e-05,4.9791818212952325e-05,Normal
0.07564873178414862,-0.2889170988058396,3.4333180176402727,6.653551030472831e-05,9.080996634580427e-05,8.61988649704813e-05,4.848346727170801e-05,Normal
0.07551124213359234,-0.27644978089170946,3.2931459135793237,8.143758900926335e-05,7.054308096561463e-05,8.803740841801692e-05,5.084662779389194e-05,Normal
0.07522762486257731,-0.25857135058946756,3.3055614731396563,5.3393841564260175e-05,7.125724411901091e-05,5.2512732481540416e-05,5.249295128686592e-05,Normal
0.07483565795507857,-0.2668427747822246,3.322875020499008,6.616959668298131e-05,4.400450617168611e-05,6.412213234248237e-05,5.4325591358201827e-05,Normal
0.07445355477428928,-0.2678024347963044,3.3399283515125116,6.976610281155649e-05,7.55479152947957e-05,9.977513360198223e-05,5.3751034337728374e-05,Normal
0.07406118107899455,-0.2657643494374584,3.357623181789452,6.875089400044543e-05,0.00010155478426859245,8.559676040347196e-05,5.246111905941333e-05,Normal
0.07401918797113217,-0.21661389447385515,3.520176626177461,6.181407144800539e-05,0.00011546701570449444,9.65423237124545e-05,5.1892201928305285e-05,Normal
0.0739920812990646,-0.22159311594305864,3.5214662273314024,8.071128947433215e-05,0.00014643359108459583,7.089159606242284e-05,5.1550797500638315e-05,Normal
0.07421179549061475,-0.2007007416275366,3.5110404439354572,6.357534855340277e-05,0.00013210329768159596,8.715436433358027e-05,5.4160644173142044e-05,Normal
0.07462348591539407,-0.2112754740013134,3.491670379483899,5.253641475955292e-05,0.000142841710101943,7.476332971669235e-05,5.36083986102787e-05,Normal
0.07412449412838108,-0.19686685849239982,3.5151756305187507,6.878857665665454e-05,0.00013580350458913994,0.00012926505605495955,5.498143903536483e-05,Normal
0.07374548807810269,-0.18070760440203593,3.5332414521232773,7.209379845781212e-05,0.00013712595301701037,0.00011762188440047919,5.417399341879924e-05,Normal
0.07394211444911909,-0.1806428843851715,3.523845880332674,5.454447979674295e-05,0.00015231863965378879,0.00012685068689046442,5.441660906276412e-05,Normal
0.07385134295897289,-0.155901359812316,3.5281770776919563,7.361294453386502e-05,9.243472159846425e-05,0.00010079467143242534,5.534435218705338e-05,Normal
0.07382073122667823,-0.15910975276680484,3.5296401302843075,8.633088886707137e-05,6.814823746893782e-05,0.00011342255891898676,5.560026181935195e-05,Normal
0.0736627550716323,-0.11417665342581174,3.5372097490955494,0.00011212543675568852,9.142181002671227e-05,0.00015370750690462903,5.376991934951445e-05,Normal
0.07337123295224718,-0.1513124421271268,3.372136956112966,8.847720273341954e-05,6.757318980473154e-05,0.00014393631968991527,5.690232930761005e-05,Normal
0.07306399859014354,-0.1634539372677275,3.3863168034608946,9.750916851136477e-05,7.926697106320788e-05,0.00017371286102789744,5.767552407810498e-05,Normal
0.07277103844085228,-0.16173559387150727,3.399949367974808,0.00010858425180694804,6.14105088136611e-05,0.00017612074827711384,5.561976268077388e-05,Normal
0.07252782551373126,-0.17220181831388492,3.41135066991639,0.0001174596957217854,6.175729372671442e-05,0.0001637733740081338,5.446891270432365e-05,Normal
0.0726085282233766,-0.17024436481716343,3.3587154371884,0.00012130584126575448,7.80205054437276e-05,0.00014826888838113315,5.7311736585858104e-05,Normal
0.07287961529744398,-0.2006018883516818,3.346222172277817,0.00012659046742545733,6.566512737276586e-05,0.00019064985373988522,5.2453632347597286e-05,Normal
0.07267127166193883,-0.21966943179286602,3.3558155656041846,0.00013146052580208546,6.699409909895656e-05,0.00016236971410895187,5.1976864423523564e-05,Normal
0.07293222426783463,-0.2718146056480326,3.343808406552869,0.00013995098203074612,6.39316542801689e-05,0.00014563023110972755,5.0141359681127343e-05,Normal
0.07337665444369351,-0.298915458809228,3.323555515910341,0.00014208717603218562,7.262796769879526e-05,0.000137549939558726,5.158570465936993e-05,Normal
0.28930221212320245,2.632106309795958,5.477160644537218,0.0057177438959765976,0.1530668901716669,0.009723073626861034,0.0030172966070261672,Inner Race
0.28861090233348696,2.6233519681283086,5.490280089238714,0.007026008011733861,0.15178616640191067,0.007960240923991833,0.0029814292012684232,Inner Race
0.289548964732298,2.570329255186696,5.472493027504898,0.008715008716349048,0.15180272061340763,0.0061631004307437015,0.0028312730404289736,Inner Race
0.28903406637555135,2.6028666110349983,5.482241974065088,0.006736200444931336,0.15113085169361493,0.006227419666708059,0.003039840580234209,Inner Race
0.28851755906809023,2.594353493661446,5.492056343942682,0.004494850830028717,0.1515208322714063,0.005925714128574691,0.003044313605382357,Inner Race
0.28974199004710005,2.5075996762515986,5.468847267740445,0.004292328236477043,0.15183012297046583,0.008730846294456631,0.002962495855438049,Inner Race
0.29000175848989235,2.4380516818290525,5.463948559725682,0.005924205032941603,0.1522498627060595,0.008648716096997168,0.0027747822217202233,Inner Race
0.2903897647579316,2.3645112788086466,5.456647867529506,0.005159979877724471,0.15182432398331996,0.00871911543337418,0.0028585524994195004,Inner Race
0.29004327362647003,2.3113412888717066,5.463166481355533,0.004238277068848177,0.15232458564754675,0.00970692515670642,0.002787072397704616,Inner Race
0.2887659821391897,2.193023676509588,5.233074896085433,0.005013086622513732,0.15197323555619735,0.00893620869440517,0.002983310298870503,Inner Race
0.28949241929078673,2.129411829842863,5.2199432913583745,0.004852194126964474,0.15035513641068077,0.008259998608767022,0.0029171123841868363,Inner Race
0.29134787748928964,2.1167566910692432,5.186699916945849,0.006232589920511788,0.15189189121966498,0.008238181814440358,0.002870214592219348,Inner Race
0.29119612169556397,2.1170486596028306,5.166532311270153,0.005179357065369952,0.15149685778540686,0.008911488182011224,0.0028266800199326265,Inner Race
0.2916104519256333,2.0640459344395596,5.15919152321865,0.005907044779207515,0.15195278126861983,0.010713491833270085,0.0028084419950951916,Inner Race
0.2921488613387352,2.0540148339701725,5.149683503001258,0.0049319931166348545,0.15439100980760076,0.00961519032333805,0.0027995087056329328,Inner Race
0.29215381585860917,2.036307504832986,5.149596171575566,0.006789900862268346,0.1530963342004922,0.007143842306313345,0.0029817337720537927,Inner Race
0.2933690228125218,2.01495387715081,5.12826527229538,0.006120726032788136,0.15315815396416405,0.00842193812731097,0.002912175934557618,Inner Race
0.29385399613494156,2.0331190317983943,5.119801641104151,0.004730890957427122,0.15483756814002153,0.006160160372800965,0.0029556498731011923,Inner Race
0.29440792019549106,2.0226887120024237,5.110168811551314,0.0067639380524175795,0.1560227072244196,0.008575585416071094,0.002803443302782762,Inner Race
0.2952658076648038,2.079246293011094,5.550830528072704,0.0058692221192482765,0.15677978882843802,0.011039174903328041,0.002894862813199983,Inner Race
0.2939766028625091,2.170902739099672,5.575173136647109,0.005119616988782397,0.15535912784728723,0.011241209113791397,0.002878852768183044,Inner Race
0.29282692886632,2.2265416887013716,5.5970619417657845,0.004648171122282593,0.15453546348733124,0.01114488429075951,0.002881791722152224,Inner Race
0.29347852415182224,2.3331579743844317,5.584635072765885,0.007638782317778927,0.15504487328259964,0.010846856587083674,0.002929684806764417,Inner Race
0.29343679569587294,2.3217891172777767,5.585429241057132,0.005619343656622913,0.15522972298440854,0.012676637697490245,0.002928266439928214,Inner Race
0.29353378376047207,2.3683676175401054,5.583583729562321,0.008604578845339451,0.15542147751497606,0.014571298125353214,0.0029672321584666653,Inner Race
0.2930112809407711,2.4401435989347853,5.59354047332101,0.004648944322159024,0.15488337902690696,0.015323942476734556,0.002760441390192446,Inner Race
0.29210978654334435,2.560978173381608,5.82878461583989,0.006696609932077304,0.155582467973037,0.014157023682210975,0.0029158042795907444,Inner Race
0.29110017918667147,2.596719739983574,5.849000281268388,0.005252463614144246,0.15436410433840575,0.014218482844652191,0.00289060253297312,Inner Race
0.2907084610431959,2.687638775020398,5.856881577612997,0.006936626368173922,0.15533807030112431,0.013545070011830902,0.002790686210828636,Inner Race
0.2906660604066424,2.6197710246233905,5.857735944671751,0.00541056969352294,0.15563555876378776,0.014034861040715675,0.002829121621335183,Inner Race
0.2916855944032414,2.5873811982633406,5.837261293015021,0.007219604430997816,0.15656642921471556,0.013530521380405454,0.0029270935842510295,Inner Race
0.29238330301906473,2.584185432326988,5.823331949393497,0.0070442360328429494,0.15632756919045177,0.011073344657722993,0.003011571653288906,Inner Race
0.2918264981559618,2.51905524804076,5.83444286484968,0.004727278271795759,0.1566447279827142,0.011565749978706134,0.0027417101897195075,Inner Race
0.29180684994409006,2.5479269961697764,5.834835715016097,0.006425543871490153,0.15596875604278157,0.012986853932829907,0.002803818535131111,Inner Race
0.29252728945833617,2.4954460915452072,5.820465615679328,0.0052678640204844316,0.15593047129112017,0.011826800174935684,0.0027803989667786184,Inner Race
0.292445791659802,2.4862795765397943,5.8220876432401605,0.007867600688266838,0.15613070291222325,0.011722772588648995,0.0026426331841439793,Inner Race
0.2922073292649713,2.457733173155492,5.6939811815034735,0.007862903163086746,0.15758868246216484,0.009001819502486555,0.0026331157023843223,Inner Race
0.2917129297029045,2.4797930151499026,5.703631428427458,0.007135761624474011,0.15621188473873715,0.008721055640098245,0.002646807408539238,Inner Race
0.2915310081625963,2.4459510962156426,5.707190615566244,0.009859044920644516,0.15573280685302754,0.010037923143173522,0.00270490647532339,Inner Race
0.2910978071755804,2.4474623463778267,5.715683845493806,0.005358106849081557,0.1555632271229376,0.009079918802787692,0.0028305208804991593,Inner Race
0.2909406869056148,2.4632662476206812,5.718770556391458,0.007742181023499226,0.15530673940757325,0.007434186422579432,0.002856606054422178,Inner Race
0.2904423489136176,2.416781201420412,5.476912135915865,0.007494489794684837,0.15513715285761442,0.007750931283566888,0.0029494529212100665,Inner Race
0.2902144244520719,2.4002948220669014,5.481213514980219,0.00555502741170755,0.1557313032705095,0.006131620237617231,0.0029780209227144123,Inner Race
0.2904938551501659,2.4067720361954548,5.475941047794635,0.008831478721673178,0.15649460323102285,0.00914075467874961,0.0029849526129273646,Inner Race
0.2893287921326106,2.462424202021416,5.497991450570223,0.00666165327966474,0.15693368766238788,0.010201960222815989,0.003130357484927661,Inner Race
0.2891706826237959,2.443508603583842,5.5009975807900275,0.007153681025957031,0.1560596831634679,0.009694728916296916,0.003020533172098069,Inner Race
0.2895655682056856,2.3846526341685887,5.493495775088043,0.006770616895076451,0.15711089916077614,0.010934897264759347,0.0030995840941700236,Inner Race
0.29010004852264604,2.3160008315233087,5.285160059189272,0.005191978479253017,0.15854285907017013,0.011905935481117593,0.003162953645458277,Inner Race
0.2906164167474382,2.2732410673136494,5.275769369055349,0.007908126215522645,0.15844094834739503,0.012025221170763559,0.0031680630296889558,Inner Race
0.2910086627154018,2.2888053134069954,5.268658243071647,0.0033722894080479636,0.15721812109584718,0.013068807857297596,0.003243173209680337,Inner Race
0.2907480330641573,2.265572276808131,5.154940951174178,0.0041115915773651274,0.1568066831487492,0.013857734608687191,0.003060660567124451,Inner Race
0.2910399520158903,2.224466162712278,5.149770441255217,0.003801063276006506,0.1572295760148791,0.01304951164319332,0.0032039983234901756,Inner Race
0.29124667095115003,2.175815177345145,5.14611527479796,0.005574954511879403,0.15709092762042307,0.014598231825036992,0.003095328811092206,Inner Race
0.290892895323814,2.153158854039048,5.152373833150368,0.004909875815083848,0.15512858427128257,0.014655389297268907,0.0030468828860868266,Inner Race
0.2921991955495512,2.127788002052389,5.179927124972129,0.004677115581285306,0.15411123563332693,0.013928320245046987,0.0031537794908079704,Inner Race
0.2931368954126716,2.055540832307538,5.163357334433745,0.004087404532344418,0.1538374165231343,0.012337509751490157,0.0031320218077713785,Inner Race
0.29349905387289676,2.0579260077737604,5.156986092287798,0.007632509662311057,0.15309608348518056,0.010900847525482024,0.0030565211412861663,Inner Race
0.2937721920390598,2.0755287274852643,5.152191323544034,0.006407840369904819,0.15241388041498177,0.010949895262883348,0.003037102973658762,Inner Race
0.29322731076297043,2.0960812158043876,5.161765235932088,0.006464670367790617,0.15395943595232767,0.011259965372516726,0.0029718006458019732,Inner Race
0.2931410803887173,2.070896819948496,5.1632836206890484,0.005170156057350889,0.15397632560484636,0.010115535219809537,0.0027665179777046074,Inner Race
0.2938273517322721,2.0515817315096214,5.15122411170653,0.005579716554818615,0.15474474365828464,0.008748686973182098,0.0029943301107405425,Inner Race
0.2932074433792118,2.1023057341210443,5.1621149909370505,0.005735117697228216,0.1552433795073908,0.007511102070111974,0.002969320643625956,Inner Race
0.2937364266106353,2.1481066625692833,5.92037739094301,0.006006974539918541,0.15503885833540232,0.009539846891067285,0.0026410322416209504,Inner Race
0.29397675947705576,2.1750342158480205,5.915537344161124,0.005908572153932262,0.1549389080340974,0.008917125992827554,0.0027730355914412836,Inner Race
0.2932594317012328,2.228566149435018,5.930007055233223,0.007191247335515301,0.15454354879677012,0.008140262317951754,0.0028438291115127903,Inner Race
0.2923630830013651,2.316836267093504,5.948187716278379,0.005992891501809114,0.15507639094643513,0.00822322951288017,0.0028445954830800617,Inner Race
0.2920263356992178,2.3271559457989976,5.955046810549196,0.005345111576323191,0.15539639372550132,0.007743393243811251,0.002740305372287935,Inner Race
0.29201081222109054,2.3761623157414054,5.955363384576738,0.0057812590044387865,0.1548523370285102,0.009279382264574433,0.0028126327419266575,Inner Race
0.29170630758169575,2.422677929008416,5.96158003376379,0.0078929401545595,0.15504438178540986,0.010188790605022644,0.0027623288008684207,Inner Race
0.2917828249938956,2.552985549410237,5.960016663209627,0.004956425005322447,0.15517143745762338,0.012461230477001827,0.0029187513892458485,Inner Race
0.2916266621734573,2.5711165335135684,5.9632081855658114,0.006157908664061458,0.15661267351365152,0.01275734141585353,0.0028534125603728294,Inner Race
0.2917139342326263,2.5735862393804387,5.961424172542995,0.006997900854186497,0.1575074698455215,0.01163526949394551,0.0026764013012533804,Inner Race
0.2919198368525867,2.5478159508130007,5.810876294565894,0.006326157995761336,0.15812477476626122,0.012154880153019462,0.0027760992136614746,Inner Race
0.2920489836196058,2.5807073838229355,5.80830667121816,0.007441481971803336,0.15774523993109868,0.013239132862114079,0.0029609493045334996,Inner Race
0.29149470414883616,2.5803073756693395,5.8193512120004405,0.006127731184093103,0.1577921615732007,0.014144195303795364,0.0027993516545653224,Inner Race
0.2906227414117936,2.5465620577365895,5.836811158135343,0.007371528086214232,0.15665906767788218,0.013924970521048912,0.002778555238244077,Inner Race
0.2913240696426482,2.597271218084395,5.822759725830458,0.00614657364115554,0.15634309610090188,0.013846841528551814,0.002925939815807769,Inner Race
0.29109143334545184,2.584052730131643,5.382112446050739,0.007644903333197168,0.15592861373043204,0.01523670140295943,0.0029300649536059993,Inner Race
0.2910259662856353,2.543742023323415,5.383323166461505,0.009261799041865427,0.15688369061663474,0.01659702148468781,0.0028764652534035277,Inner Race
0.29010714012035915,2.5079071387823264,5.176967409205243,0.006400916958780535,0.1557048749619745,0.014629523890502765,0.0029520469781090207,Inner Race
0.2895325630526355,2.5553782888359233,5.347133342219048,0.007034280177223657,0.1548457921742034,0.01354938506201805,0.002931344374773719,Inner Race
0.2904595338075525,2.568085512064391,5.330068534030784,0.0050814132741591606,0.15533458930901883,0.013701081822787538,0.003279676752039317,Inner Race
0.29016175069830474,2.607135763679187,5.335538601593954,0.005164734370608316,0.15600024442712573,0.015400425230808047,0.0030292054174185226,Inner Race
0.2901929857398247,2.5990212154859282,5.334964308699425,0.006920626844932919,0.1541794713530876,0.01603175200807358,0.0030441196303510414,Inner Race
0.290681958383236,2.6553040194820285,5.533307480232592,0.0029053097234721416,0.15341740374871776,0.015558936186043858,0.0029972590985295556,Inner Race
0.29079839202499985,2.7103984547562403,5.531091982628096,0.0040345582813574475,0.15512445951204767,0.013300328471447867,0.0030090508987666697,Inner Race
0.2903072393963861,2.6856165209255662,5.540449690593013,0.005927258127399293,0.15435134244982043,0.012755553964479442,0.003172212818332726,Inner Race
0.290674400174448,2.619489427888399,5.533451359064711,0.004613080072776795,0.15394817818343795,0.013834548860664396,0.0030982129293544826,Inner Race
0.2919742678100451,2.598377161161535,5.508816467816422,0.005770593506266991,0.1554901161509387,0.012228864989061942,0.003272706377191285,Inner Race
0.2929442768925399,2.5716890339085205,5.490575449202706,0.004159287199372142,0.15593323226914263,0.013237609073023288,0.0029328269372309148,Inner Race
0.2927227112092301,2.5429892453835814,5.494731338221842,0.003790352347882347,0.15668492475658913,0.01036616383526752,0.003024626682198555,Inner Race
0.29269676476091244,2.5223107567795493,5.495218425131748,0.007347502494679573,0.15752504470142775,0.008852408406687261,0.0031566227657585885,Inner Race
0.13826566756094869,-0.03549394129526284,3.8028421968040735,0.014581308236533985,0.002259735356694758,0.006920080180891777,0.0014731808451304573,Ball
0.13916513908827238,0.0015286289603722025,3.7782631369810473,0.015766285390992996,0.003090356253765576,0.007928375073663589,0.0015771840911504578,Ball
0.13880584885038091,-0.03221511433878588,3.7880429342485655,0.01610323074446467,0.0029088375685440877,0.005805919696198496,0.0015021628263353988,Ball
0.13911708188654068,-0.06522596065899755,3.7795683164119778,0.017719270684095765,0.003884661160244157,0.00582886517179026,0.0013905042903878699,Ball
0.13937330874998222,-0.031156741022945855,3.772619877406239,0.017939389954790812,0.004371262151821311,0.00530987491810805,0.0013648895765015258,Ball
0.13854018661849477,0.009289119672550417,3.7953068189375925,0.017505477864447096,0.0030722385044575575,0.005389650076414799,0.0013770377849227037,Ball
0.13753016125476958,-0.016894178631002177,3.823179658722496,0.017644556919085376,0.0033646916493056014,0.006499298472103444,0.001374882191969113,Ball
0.13854368106385254,-0.0022998166782768337,4.027355606363064,0.016788800546757646,0.0042799673601474145,0.005247129824096295,0.0013885425434390216,Ball
0.13740903892423598,0.0028929987393793155,4.060611114282889,0.01667297331087677,0.005459657437298864,0.005404974150075904,0.0014227409816351686,Ball
0.13649292256835927,0.008595199682796206,4.087865217914425,0.0154621374381808,0.004314907010722552,0.004513989790192053,0.0013850084670841256,Ball
0.13708024504191815,-0.060084327593600495,4.070350694865341,0.015521582841949351,0.004351759892195778,0.004474451877104608,0.0014486408523157511,Ball
0.13646728414723272,-0.09515433812768181,4.08863321451244,0.014404224346580577,0.005841711996588356,0.00543652400231086,0.00142465119432054,Ball
0.13595475419605854,-0.07737651868881734,4.1040467761359,0.013137229070828742,0.004186269981932672,0.004757235260251108,0.0014655114075875601,Ball
0.13747154736851186,-0.08045203087154684,4.058764750519464,0.01423042550097051,0.0038889618043614132,0.005696940971340737,0.001411327598434455,Ball
0.13854113647568464,-0.09914352855054398,4.027429576894016,0.013642129340045479,0.005068084309915564,0.0073337321361378474,0.0014064563822620765,Ball
0.1389785579365872,-0.08186216488243359,4.080205222613469,0.014310594869826557,0.004060149228954965,0.004566433438294298,0.0014638610880773743,Ball
0.14051042220959323,-0.10300918461574105,4.035722254668708,0.013668198100876222,0.0045401396966285885,0.006438130941159438,0.0013596862594850683,Ball
0.13920241983995388,-0.10936064344232843,4.073643537060079,0.012932884185489796,0.004015766029022532,0.00650391704299899,0.0014948885758322046,Ball
0.14098268126313968,-0.09511708848668476,4.022203527720901,0.01426381110994417,0.005902895737478329,0.0061618593105815965,0.0014664586388470097,Ball
0.14068252553413096,-0.05143876103817435,4.20859695016314,0.014807275739719666,0.004808952864941922,0.00517626169636059,0.0015338429373273656,Ball
0.14031066707383172,-0.026775184006130104,4.219750787676323,0.015437157740584784,0.0038899812769835423,0.00427546421770044,0.0014787478185518163,Ball
0.1399124319065218,-0.001982281035484146,4.231761537100357,0.015647187340899878,0.0037881485366754583,0.005275752789960511,0.0015177807579705627,Ball
0.1408652349980655,-0.024185437034573543,4.203138183188511,0.01492104978118644,0.0039847335579576175,0.00567933163052907,0.0014832070013163334,Ball
0.13893665383237333,0.006336564470076578,4.26148198889639,0.01496071620720582,0.004252896617254041,0.005646854581228277,0.0014930327658923277,Ball
0.1383023670475915,0.016534009743905287,4.2810261352971,0.014818021537666357,0.005292314835081008,0.006178514520201656,0.001511463490901909,Ball
0.13905835917670203,-0.01426531993614022,4.257752294860881,0.015226786824503593,0.004926241193553014,0.004488272077863203,0.0015678461454237773,Ball
0.1387972154692173,-0.016880792979658388,4.265763156001522,0.01397505373493762,0.0041919806660236664,0.0031424397799591996,0.0014499576703665583,Ball
0.13967909445442575,-0.02777466830608688,4.238830801536827,0.012162299838849283,0.003988274719156674,0.0029773071421725496,0.0015047264722683146,Ball
0.1385178515673706,-0.06990997498397267,4.274366380973105,0.012585964241172943,0.00512710372861792,0.0035053562419568437,0.0015397215919103963,Ball
0.13882926892906478,-0.11878351400629805,3.5686073227233,0.012440368245011222,0.0036533817375103647,0.002750348157450295,0.001548124358061256,Ball
0.13872326204710483,-0.12130342223990764,3.5713343126285175,0.012048371791993388,0.0036624790763938857,0.00281536154463373,0.001445072320607128,Ball
0.13761400231878265,-0.1290678954765796,3.4561167604041443,0.011197024678970746,0.0031476239877029025,0.0023872023352665066,0.0013779826218170857,Ball
0.13815372910364832,-0.10190827702052063,4.39380162793079,0.010842481126843365,0.004305386693703455,0.0024371224125242035,0.0013757496762638356,Ball
0.13803691371594734,-0.11218001891650431,4.397519935062056,0.01078478981978108,0.0030199404119362065,0.0009890020385581021,0.0014098301063299647,Ball
0.13814444827564665,-0.11132630318777492,4.394096812555951,0.011490966255248388,0.0037582292384064054,0.0012956238136928582,0.0013985668457006794,Ball
0.1375898988828112,-0.021967813688394067,4.4118070059585826,0.010783637231177586,0.003526114268487115,0.0020314138201582323,0.0013801140633577064,Ball
0.13721337643730308,-0.028153044695783613,4.423913291847935,0.009413232462681697,0.0030123373578200526,0.0022759817711851737,0.0013957391400058045,Ball
0.1379941596384155,-0.04588812975076806,4.398882397855728,0.008688383144116225,0.002787316639554803,0.0029891816633760408,0.0013746503551372523,Ball
0.13829566638901802,-0.0019776393519528312,4.3892921281626105,0.008843117287996844,0.0033899194284943454,0.002569253393755944,0.0013939323825802933,Ball
0.13792629348621885,0.01947579224157181,4.401046852614588,0.00980610377545995,0.0034719233537009652,0.0031618209429083344,0.0013383978664313508,Ball
0.1382653693338389,0.02419949813117439,4.390253920883701,0.01061943366442301,0.003987897244393638,0.002935316058405262,0.0013987073830822262,Ball
0.13922259636476356,0.01237618973006116,4.360068664787182,0.010682022298304488,0.0036653143477408494,0.0035616372881242878,0.0013856386725184572,Ball
0.13860336474664817,0.019794035109897745,3.96468040235989,0.0108638907803933,0.006157496826733797,0.003799858170624672,0.0013570687240400453,Ball
0.13805928254450486,0.01842468197891378,3.9803049370116255,0.012070116232887802,0.004866541788804237,0.00412943252067285,0.0013795099139736968,Ball
0.13815535401104306,-0.02835014694833804,3.977537083855986,0.012085712607241303,0.005643765469062634,0.0034423603720694393,0.0014170147607601802,Ball
0.1385956697746114,-0.08640822368097201,3.9649005254335794,0.011939653175949614,0.004801784601997714,0.002831044402654572,0.0014032081048265847,Ball
0.13734150961811153,-0.06665396031118753,4.001106769833477,0.01207173654816581,0.005379109111836681,0.0028058214270588544,0.001393341659495478,Ball
0.13644615760104878,-0.06518955115371705,4.027361807570254,0.012412514796970095,0.004469444082175515,0.0038671794142914333,0.0014117859525673787,Ball
0.13486989411703498,-0.06682463969249897,3.484282637098672,0.01225842148961434,0.004182261134164303,0.0038648775078275453,0.0012971456440853256,Ball
0.13562325164603084,-0.0837639332041844,3.464928208370929,0.011389191915012425,0.003532908486406002,0.003698054212619571,0.001302498590361889,Ball
0.13579888259312992,-0.07732019084093178,4.264256277129676,0.010392012731387422,0.003325378336092556,0.00301654505556599,0.0013035092508925116,Ball
0.13505189931938266,-0.0931140874229448,4.287842232825527,0.010030716786971558,0.0037690583177297007,0.0030955957226734636,0.0013386225379649775,Ball
0.13504654507365563,-0.09948137318182981,4.288012234664085,0.009544886739513867,0.0017930220579153197,0.0022017290584957576,0.001319380473332073,Ball
0.13498249911753185,-0.09727501785247039,4.290046793553088,0.010274356819685892,0.002770076265496518,0.0031592462465514703,0.0012707631404805142,Ball
0.13531123442018492,-0.07003341337927038,4.279624230806413,0.009260721571425424,0.0021655617277513296,0.0033006105018744095,0.001306021259600706,Ball
0.13657091127846163,-0.09054410709941729,4.240150644848747,0.009366181827166259,0.0026978287084750393,0.0031251519064070276,0.001313050383965639,Ball
0.13773628606494334,-0.08317790798148117,4.204275097499801,0.010059044240831485,0.0027102382301672644,0.004127467155793579,0.001337585728900096,Ball
0.1374456783081809,-0.06640140881611067,4.213164390855079,0.009762220414439669,0.004055930306647726,0.003912726437160426,0.0013257317696436389,Ball
0.13782523400756908,-0.06198358529437886,4.201561794505266,0.01106444019551978,0.00405092179196118,0.003471966868431997,0.0013272220887022834,Ball
0.13832151180651642,-0.016685026115302648,4.1864871917751065,0.0116455473051249,0.004266264285094807,0.003974981353401948,0.0013040706330666647,Ball
0.1376502687537137,-0.020297302564005193,3.7490403168697486,0.012577465652041153,0.004603788581053911,0.003735048561188592,0.0012715487719585409,Ball
0.13845893186730718,-0.027227647841957747,3.727144216887316,0.01227831661277936,0.004086918864491808,0.004696132933192389,0.0012976862053411772,Ball
0.1389185557341747,-0.04043933529774879,3.7148126429785235,0.012078887074508516,0.004561455782923533,0.003633092661151463,0.0012871590322767659,Ball
0.14004868714921362,-0.03617867880074366,3.684835735988022,0.011322039914258635,0.004704645206608541,0.0038191337308721984,0.0014135829500859737,Ball
0.14013706046730692,-0.0037649405784785372,3.8471064956764676,0.010074613949903298,0.005111395039563628,0.0037351806994791775,0.001402526177920399,Ball
0.13834855630646845,0.0034363106761441387,3.8968400538602217,0.009656781852740454,0.0048101438951179895,0.003709832140450739,0.0014484082782320398,Ball
0.13890191078728004,-0.021352966981726507,3.8813159052535697,0.00964448897952308,0.0040461364687269675,0.003837299645296902,0.0014148546264332075,Ball
0.13898369309648084,-0.02260834253714039,3.8790320187745344,0.01055869189669458,0.004321670940477714,0.004461237636755645,0.0014040705378758076,Ball
0.1406216663497254,-0.04438681133725586,3.8338487204950917,0.009548137764790535,0.004771328609002022,0.004219683901521114,0.0013925992515769687,Ball
0.1397686772474814,-0.07747525878611894,3.8572461743641293,0.008702904414064,0.004139956223181785,0.0052082438919469854,0.001453107742339353,Ball
0.1403757913783856,-0.09486747851186372,3.8405638915015503,0.008020950382474294,0.0036582939652451876,0.004282793757665082,0.001359430962501791,Ball
0.14018087138061983,-0.10500389668485477,3.8459041543903307,0.00940144173692074,0.004265700444565674,0.004695017831060185,0.0013187952989683587,Ball
0.13946699115544836,-0.07779396005215933,3.8655899230512745,0.011130281168461239,0.0028005089838461393,0.0044681969691761116,0.0012731483396902002,Ball
0.139186099936905,-0.1052101133419292,3.87339106313902,0.011500376887352379,0.0034887949337580734,0.004722919165863692,0.0012752793706645722,Ball
0.1400130749681888,-0.07437426983785267,4.0419367415832195,0.012473683684828728,0.002311036994071114,0.006181156054981502,0.0013130563648228598,Ball
0.14025872174425139,-0.03064754086704724,4.034857761272609,0.012488764742270304,0.0019984142476483914,0.0036151750228284644,0.0013460572084598695,Ball
0.13945673087851412,-0.01728552578432252,4.058061510913841,0.012581531276808526,0.0018168893284176751,0.003683961334517252,0.0013106439780354736,Ball
0.14056455022565525,0.0018509512110735926,4.026079058393187,0.012893622933732638,0.002833978758918337,0.0035313068189502315,0.0013105579581270139,Ball
0.14084079167038197,0.054091946414301706,4.018182412240577,0.011727461215764035,0.0022320474794794527,0.002824980202037724,0.00131847831530347,Ball
0.14282671601911295,0.03232105124851925,3.9623118684618954,0.011524501918324902,0.0027293027997237194,0.0028260386413499136,0.0013819901470156293,Ball
0.1432670784259176,0.06357494536080921,3.950132844431551,0.011290421036119866,0.0024201032467087327,0.004146906557569462,0.0014091048741391092,Ball
0.14414160434701123,0.06264764502878828,3.9261668730531403,0.01028021479517268,0.003097388948427988,0.0035554608882964497,0.0014256758187348073,Ball
0.14524208820899603,0.04598217649363656,3.8964187240383925,0.009296667378594447,0.002928009181849971,0.004525305762138937,0.0014392113101900875,Ball
0.1446831154660855,0.08592135653834232,3.9114722557147563,0.00877838343857937,0.003110870616225438,0.002797761864282003,0.0014656643578836504,Ball
0.1438803842893391,0.03718556961462616,3.8802338739620006,0.0079441497788563,0.0034952567965257416,0.002956649813816944,0.0014652301742651677,Ball
0.14443688867070534,0.01591274426301581,3.8652836270309097,0.008845223538848273,0.003214579817970256,0.00437742318564015,0.0014821567369211334,Ball
0.1440054920647462,0.03028807432731595,3.876862839836355,0.009222534030970493,0.004032144605199716,0.0033799095610428306,0.0014956752585500391,Ball
0.1429328653751986,0.02748042737080647,3.9059564044466213,0.009376455358395742,0.00395624742519718,0.0036000600130429512,0.0014161209484199033,Ball
0.14254429973308666,-0.01257369194582969,3.7274398932552266,0.010036933590380626,0.004652348568381245,0.0030420592301947974,0.0014466859066779051,Ball
0.14100917744175243,0.02521282808120251,3.768019351795138,0.011084414031554342,0.00528313530195408,0.0034366947841186993,0.00147175429576198,Ball
0.14121403698071672,0.038388706620237745,3.6992878924411983,0.01094302558499105,0.005395801957798205,0.004296843407782944,0.001457711140833493,Ball
0.1422223692656647,0.10877144675930372,4.246405227908484,0.01048501142516676,0.006477692745832692,0.0036035713107855872,0.001503755152441312,Ball
0.14163407467347477,0.13935073990984437,4.264043195590943,0.010251769089086748,0.005885858472124701,0.0030284402252912196,0.0014470184872755346,Ball
0.6764078700101428,4.620690955942053,5.244739735922554,0.5471241624973975,0.012211049528388048,0.04054682320487531,0.005886393830481529,Outer Race
0.6760554418405295,4.559093137206517,5.16578238008614,0.5484932880958572,0.010935926744812394,0.025959970799126913,0.00644431586877379,Outer Race
0.6775769229023731,4.535443568137341,5.154182752360863,0.5455025086894479,0.015488009872532302,0.03958096312623327,0.005585149577857092,Outer Race
0.6721116049015747,4.484085907929229,5.196094315218057,0.5401780223406288,0.01309075871820694,0.024249621941594402,0.0063239240865786105,Outer Race
0.6688759726103654,4.524363013289641,5.221229992448136,0.537865630940524,0.013219222117620097,0.03192069634436836,0.005706771660594844,Outer Race
0.6618720366907797,4.547756894713275,5.276481095775244,0.5312900627242313,0.014859438137137054,0.03494562609083413,0.006483463215884694,Outer Race
0.6625748282551139,4.459575227427429,5.081500244377297,0.5296294538855593,0.01586028235669001,0.028008955086645505,0.00562456204668034,Outer Race
0.6570675398028265,4.43419690915694,5.12409143313782,0.5229902768455633,0.014825872413554113,0.04134271404422078,0.005818121510682461,Outer Race
0.6519148636017729,4.439550044171551,5.164591789018155,0.5177422260229152,0.01534316791753052,0.023435235448969395,0.00611481104038593,Outer Race
0.6471176355774104,4.507890807588917,5.202878065117806,0.5119462717435096,0.012900982474430446,0.034496983728685295,0.005677172803393645,Outer Race
0.6466910424901225,4.446700449745028,5.20631017051397,0.5115249154102098,0.013238732446740328,0.0291463831182103,0.005339019044953454,Outer Race
0.6470589412319827,4.438080181377206,5.203350015202896,0.5082724973066615,0.01713173281627089,0.0234667093083218,0.005983753471717463,Outer Race
0.6443726803263727,4.52732822577733,5.225041741358892,0.5068279012033539,0.012709986334491738,0.039514634693297024,0.00611836789074227,Outer Race
0.6426770226001092,4.5882948831881105,5.2388276432773075,0.5024507460634754,0.008031541211578898,0.0242572071359691,0.005715169882048908,Outer Race
0.6445837752571759,4.610313037383663,5.16537058434007,0.5075553804610433,0.01093736239204084,0.042957208276065965,0.006017884884675464,Outer Race
0.6494273801320017,4.590917638989323,5.126845854850676,0.5104187205441894,0.014431087390869094,0.035452061072766605,0.005902513385816311,Outer Race
0.6552154567576599,4.636385638918119,5.0815560553660015,0.5155346697868558,0.014144114106085908,0.0341305180442574,0.005920652167051304,Outer Race
0.6538455781942152,4.711006369282265,5.092202475470904,0.5152593418296816,0.005875662983519227,0.0389050889148317,0.006150820719207991,Outer Race
0.6623725694444642,4.745226422513824,5.026648483720831,0.5219827755212351,0.007645479926303587,0.02792851944133833,0.006546715198343977,Outer Race
0.6683177605108472,4.7212433480323925,4.981932650287912,0.5280670229342039,0.011689471178313655,0.03878156501161025,0.006108165090538912,Outer Race
0.6746548856793175,4.663857311851612,4.935136678812846,0.5361057238579807,0.014428773895258712,0.025443584219696173,0.005744340286274066,Outer Race
0.6785340185164201,4.728414509613066,5.048163695451184,0.5410150764468153,0.00934688801441749,0.03994266128851661,0.006078931751476405,Outer Race
0.6798391277835041,4.686360941562441,5.038472571549312,0.5460551207342341,0.006536945684059833,0.025713007439618997,0.006642303440463906,Outer Race
0.6879981362549334,4.622087550823611,4.978721042834266,0.5519985242336581,0.006036333333632698,0.03164223946257905,0.006740563260293796,Outer Race
0.6900328738527722,4.595309698115429,4.964040016351508,0.5584055458276309,0.01312923629976952,0.03111492991833265,0.005937358368716569,Outer Race
0.6943674163360671,4.5984773911150345,4.933052326213068,0.5636953394195326,0.012342359644422162,0.014932361028790314,0.006257891117145048,Outer Race
0.6924344523899214,4.630865461240477,4.946823178108303,0.560578113818697,0.005349811802887085,0.03148728487370498,0.006621381120037525,Outer Race
0.6983198446011994,4.586966925181377,4.905131688416162,0.5651117966978143,0.006672347653822798,0.01955247603489534,0.006454915969463318,Outer Race
0.6989088676995843,4.565050042827318,4.955614693074634,0.564280601628234,0.009898902821492766,0.02697708662600526,0.006201684386668235,Outer Race
0.6961919573806868,4.573325334277389,4.974954130356775,0.5655525508032252,0.012472536423057595,0.02200308861204607,0.005995265392781463,Outer Race
0.6941212232893964,4.617467166215187,4.989795640419694,0.5606693167726762,0.00895641096849839,0.02105719681129715,0.0061506053675344724,Outer Race
0.6931494732388922,4.553252703488011,4.9967910062863465,0.559291870538795,0.006732185600466986,0.024810142408839834,0.007142929219258799,Outer Race
0.6932980598424991,4.5421248589662,4.9957201015087875,0.5572507402118507,0.007286254137825207,0.021606419602184568,0.006530588387741618,Outer Race
0.689459972229062,4.6087061558610305,5.023530289502457,0.5542637565751883,0.010975239222653536,0.021213988994638222,0.005986661205778702,Outer Race
0.6821084314104642,4.640936272559771,5.0776722503346585,0.5504995849991161,0.009262091619502111,0.013563248071520815,0.006254771106710527,Outer Race
0.6811547358386736,4.56214505835814,5.0847815799559015,0.549231808999889,0.007358297993862512,0.019719641257297832,0.006610355078499078,Outer Race
0.6802462910745912,4.543574808217491,5.091572125179627,0.5443909902993787,0.007843043318519408,0.021212198502048557,0.007389809899918874,Outer Race
0.6748774759278019,4.507518005716794,5.132076824953544,0.540538219892135,0.006523573300605796,0.022790472183857272,0.006483989535229667,Outer Race
0.6682965023423796,4.536106512196634,4.938948243419581,0.5344646699725336,0.008802263570434623,0.02366953321688816,0.005977854199404723,Outer Race
0.6652456186004382,4.492475827782986,4.961598759975916,0.5324959114388724,0.008311687482273176,0.01621447894057676,0.006251492201916851,Outer Race
0.665123853935349,4.460580874762868,4.9625070831517295,0.5294767075587077,0.005839274883615061,0.023721129672648045,0.0064679650056494445,Outer Race
0.6619133202942555,4.442594936926124,4.986577147080252,0.5260397987772147,0.011560667085243262,0.018439454089709224,0.006526811284248482,Outer Race
0.6586038482967554,4.464413393054879,5.011634603811358,0.5235934337704213,0.009158254558173878,0.023968777737041612,0.006053403795967967,Outer Race
0.6542761879869315,4.443502376259482,5.298636600475319,0.5189080726395308,0.011387954664286175,0.02429812684326929,0.0053790247968386615,Outer Race
0.6589194204710973,4.409697249723344,5.261298496876056,0.5224022487289292,0.0072216220234274505,0.025776720773200073,0.005990742258286442,Outer Race
0.6556267715099396,4.45205354317898,5.2877214707124995,0.5195181610684271,0.007756049202276862,0.031674727285636674,0.005924470412520431,Outer Race
0.6532842937359341,4.491427535480857,5.3066816234959715,0.5183640811099877,0.008129569041171868,0.01921633833643145,0.006366215020768274,Outer Race
0.6516071510839115,4.570445854521193,5.320340255198624,0.5153234950169033,0.008473090027096506,0.026842774021447403,0.005907110098884444,Outer Race
0.6509620990111326,4.562729527322911,5.325612292564115,0.5168139237995802,0.005317502948851269,0.021977400772090955,0.005344041666065438,Outer Race
0.6548183919974466,4.53102263864351,5.294249212994837,0.5175335094454268,0.006631278734867047,0.02006126583677774,0.006083131282812664,Outer Race
0.654577605970855,4.587000727783691,5.2961966997712775,0.5171761388669753,0.0064651482325480975,0.026205575588155058,0.006403148114026186,Outer Race
0.6527953704273152,4.679488869266231,5.310656162003266,0.5153396211805222,0.003970044583516545,0.019220747109485833,0.006212894632536402,Outer Race
0.6554943956293817,4.701360740315736,5.288789316281428,0.5199906400264251,0.0026687293859461144,0.027143339456372772,0.0061624425804291,Outer Race
0.6575733587186211,4.722918779566035,5.183758058944402,0.5217205923310647,0.006208930573084647,0.021026152368342602,0.005221422886023016,Outer Race
0.660377753504429,4.705705764239711,5.161744440232615,0.5265112989674898,0.003274474597930323,0.020170682319823812,0.005906011364157241,Outer Race
0.6614813260062428,4.736607028715958,5.15313292090217,0.5284292439488637,0.002971138660781467,0.016578802904940078,0.006385897566906378,Outer Race
0.6654647161194694,4.775306487248496,5.265691405490319,0.5328928826712473,0.0043525514975848644,0.016149599668256152,0.006260297639520983,Outer Race
0.6707657368370129,4.748153839396782,5.224076967394061,0.5374942311835786,0.003599485488519602,0.01734092158133012,0.005423588525158761,Outer Race
0.6746905207509679,4.694248004417657,5.193687666497897,0.5415704025625429,0.005244729747118869,0.014576768212398037,0.005050542266922512,Outer Race
0.6770688572405021,4.798266921894655,5.361973322029539,0.5478125267099703,0.005563552436446633,0.02074497238078104,0.00630127277715419,Outer Race
0.6769135894838354,4.828350183041909,5.363203230221592,0.5483374058951593,0.004183732036216815,0.011124094566972926,0.0061545905643817156,Outer Race
0.6846317509624847,4.801505804137855,5.302741429384178,0.5554830798554998,0.005389126444835386,0.015346937220917567,0.005539895043815323,Outer Race
0.6867785740872341,4.783443380499535,5.286165420238437,0.559069177356208,0.0054435753943889754,0.014569283794744111,0.005193141342012158,Outer Race
0.6915201989138234,4.706872779374905,5.249919171418186,0.5638344760622247,0.006948241683789521,0.01361770264360553,0.005366138706547618,Outer Race
0.6902663115757225,4.78431068710206,5.259455790929672,0.5646170342586059,0.005504762900841938,0.011654325116356508,0.006293830984705107,Outer Race
0.6920946338987652,4.753654935985323,5.245561765519529,0.5697507471507897,0.009547283581156356,0.01186811084287321,0.006127647157168126,Outer Race
0.6942594296515441,4.674686125289241,5.229205387275397,0.5707402010033261,0.00549282777986403,0.01812163331147686,0.005411365712865944,Outer Race
0.6917025872373576,4.680488797900352,5.248534871324429,0.5699603099471227,0.0057335939625497495,0.017614795264761188,0.005701719552111971,Outer Race
0.6906929188508927,4.700170657304017,5.256207282015494,0.567350093428002,0.008130378853367275,0.022666802493736087,0.005701336260431914,Outer Race
0.6880954987238408,4.638386918227536,4.985098519983329,0.5681420632392967,0.007226031031233258,0.01632513823161978,0.006489060927534529,Outer Race
0.6896033075038522,4.571734543956412,4.9741986660588156,0.5686626519494067,0.010124343125901632,0.01744364446656461,0.005912799648912681,Outer Race
0.6850195216724166,4.544674377918343,5.007483354519315,0.5650830102493608,0.0063024733770178955,0.016611260293052984,0.005778986162221383,Outer Race
0.6791092551249427,4.569206268086355,5.051063325096807,0.5600127307662426,0.006422023626681641,0.015967632146481225,0.004936803955734169,Outer Race
0.6749928573018732,4.592865488963331,4.957331972415532,0.5538072180233451,0.008951882495006775,0.018615265510425996,0.0055164956279278,Outer Race
0.6718185349106339,4.537358991157036,4.980755217031637,0.5508983639727293,0.011487189090144767,0.02147687363262377,0.005590748321502366,Outer Race
0.6693484684655587,4.532980139239495,4.9991354732245386,0.5475304003468145,0.013322481652131839,0.018532693699202105,0.006017036298450526,Outer Race
0.662547625292756,4.566676365732052,4.871477769644042,0.5409690200099307,0.009768555324955765,0.01756228190547526,0.005999191019763404,Outer Race
0.6588455597460771,4.5795235508047,4.898850694520948,0.5357282441898457,0.010694970969740482,0.020034343641883934,0.005190418793563923,Outer Race
0.6556284424174252,4.630481097952584,5.1601142442760235,0.5308914295477662,0.015539712228314064,0.014586695222531882,0.006161540922174098,Outer Race
0.6527564014653204,4.694215477578268,5.182818057511454,0.5276116990843124,0.01223989935451244,0.0200632195018135,0.0057943166753429,Outer Race
0.6511984826979904,4.699653979301323,5.195217363919541,0.5236433963720687,0.016306915468371222,0.018745923314901287,0.006138659315161641,Outer Race
0.6476960471898748,4.768975613150782,5.223310655281618,0.5176461819159839,0.014369380193627622,0.02112945432679692,0.005781124712084061,Outer Race
0.6489291202396423,4.706329442229419,5.213385497974434,0.5171266465143284,0.013388543570245149,0.02537123827243335,0.005011013493685793,Outer Race
0.647988152914773,4.738143653819686,5.220956045959725,0.5148521861610814,0.015568523228541369,0.022580283393275564,0.005979941626807334,Outer Race
0.6487087330730743,4.751569880143955,5.25021232055878,0.5156202650793298,0.01763253917732933,0.028255895187354725,0.005950038177574639,Outer Race
0.6493518674001061,4.805021008817525,5.245012378990773,0.5148995752704557,0.013065916084482551,0.021999503310668033,0.006137688659958456,Outer Race
0.6517557105411217,4.80174271655797,5.2256674207067695,0.5174639869834653,0.01613919339312057,0.025135258898271645,0.005948240728768258,Outer Race
0.6551462087374474,4.796468004091834,5.198623662033955,0.5203139521489348,0.015133533730158327,0.024932892960566756,0.005257889260083011,Outer Race
0.6559444780043111,4.7601772861493785,5.192297057209081,0.5222367206054577,0.014712500422001949,0.028216167045689338,0.005954019822518797,Outer Race
0.6588181549497041,4.767954960072484,5.169648949783941,0.525878027899993,0.01741237500373012,0.02889374065797551,0.006080358480822693,Outer Race
0.6615571056680097,4.870871079289511,5.14824578808696,0.5266859254307543,0.014433083281288731,0.02784249494572581,0.0063275253210320175,Outer Race
0.6652051922647377,4.733766586556613,5.120012024017502,0.5302259450085159,0.012245362475829474,0.03030180121215195,0.005671486710135813,Outer Race
